-- Imported from Camp Site Reviews.xlsx
BEGIN TRANSACTION;
INSERT OR REPLACE INTO sites (id,park,state,loop,site_number,latitude,longitude,notes,view_types_json,legacy_stay_count,imported_rating,favorite,status) VALUES ('devil-s-den-sp-area-e-58','Devil''s Den SP','Arkansas','Area E','58',35.77369524972575,-94.25659855892697,'Spaced between neighbors - FULL HOOKUPS','["Wooded"]',0,NULL,0,'saved');
INSERT OR REPLACE INTO sites (id,park,state,loop,site_number,latitude,longitude,notes,view_types_json,legacy_stay_count,imported_rating,favorite,status) VALUES ('maumelle-park-e-3','Maumelle Park','Arkansas','E','3',34.829575446968335,-92.43140406287715,'Up on the Hill next to the walking path.','["Wooded", "Creek"]',0,NULL,0,'saved');
INSERT OR REPLACE INTO sites (id,park,state,loop,site_number,latitude,longitude,notes,view_types_json,legacy_stay_count,imported_rating,favorite,status) VALUES ('maumelle-park-a-18','Maumelle Park','Arkansas','A','18',34.83335551158083,-92.43409725345087,'Right on River','["River"]',0,NULL,0,'saved');
INSERT OR REPLACE INTO sites (id,park,state,loop,site_number,latitude,longitude,notes,view_types_json,legacy_stay_count,imported_rating,favorite,status) VALUES ('maumelle-park-d-8','Maumelle Park','Arkansas','D','8',34.830650726869465,-92.43155008725672,'On the main drag / Last one before the walkway and E/B Loop','["River/Partial", "Park/Open Area"]',0,NULL,0,'saved');
INSERT OR REPLACE INTO sites (id,park,state,loop,site_number,latitude,longitude,notes,view_types_json,legacy_stay_count,imported_rating,favorite,status) VALUES ('maumelle-park-b-36','Maumelle Park','Arkansas','B','36',34.83030559252439,-92.42973642310331,'Second on B Loop','["River"]',0,NULL,0,'saved');
INSERT OR REPLACE INTO sites (id,park,state,loop,site_number,latitude,longitude,notes,view_types_json,legacy_stay_count,imported_rating,favorite,status) VALUES ('maumelle-park-b-37','Maumelle Park','Arkansas','B','37',34.830448720199854,-92.42991119765013,'First on B Loop, right next to boat ramp','["River"]',0,NULL,0,'saved');
INSERT OR REPLACE INTO sites (id,park,state,loop,site_number,latitude,longitude,notes,view_types_json,legacy_stay_count,imported_rating,favorite,status) VALUES ('merrisach-lake-d-10','Merrisach Lake','Arkansas','D','10',34.030036661479606,-91.26846926925256,'Cannal Side','["River"]',0,NULL,0,'saved');
INSERT OR REPLACE INTO sites (id,park,state,loop,site_number,latitude,longitude,notes,view_types_json,legacy_stay_count,imported_rating,favorite,status) VALUES ('mississippi-river-sp-beach-point-1','Mississippi River SP','Arkansas','Beach Point','1',34.71166019033149,-90.69604853756763,'Lake Side - FULL HOOK UPS - No Neighbors','["Lake"]',0,NULL,0,'saved');
INSERT OR REPLACE INTO sites (id,park,state,loop,site_number,latitude,longitude,notes,view_types_json,legacy_stay_count,imported_rating,favorite,status) VALUES ('tar-camp-a-10','Tar Camp','Arkansas','A','10',34.45027515491931,-92.11036332746609,'River Side, No camp-side neighbors','["River"]',0,NULL,0,'saved');
INSERT OR REPLACE INTO sites (id,park,state,loop,site_number,latitude,longitude,notes,view_types_json,legacy_stay_count,imported_rating,favorite,status) VALUES ('toad-suck-park-b-8','Toad Suck Park','Arkansas','B','8',35.076613318462854,-92.54414625249332,'Lock and Damn Site','["River"]',0,NULL,0,'saved');
INSERT OR REPLACE INTO sites (id,park,state,loop,site_number,latitude,longitude,notes,view_types_json,legacy_stay_count,imported_rating,favorite,status) VALUES ('withrow-springs-sp-site-20','Withrow Springs SP','Arkansas','Site','20',36.16369040307437,-93.72030636389037,'Creek Side - FULL HOOKUPS','["Wooded", "Creek"]',0,NULL,0,'saved');
INSERT OR REPLACE INTO sites (id,park,state,loop,site_number,latitude,longitude,notes,view_types_json,legacy_stay_count,imported_rating,favorite,status) VALUES ('withrow-springs-sp-site-17','Withrow Springs SP','Arkansas','Site','17',36.16347764109614,-93.7207600624187,'Tucked into a Hill - FULL HOOKUPS','["Wooded"]',0,NULL,0,'saved');
INSERT OR REPLACE INTO sites (id,park,state,loop,site_number,latitude,longitude,notes,view_types_json,legacy_stay_count,imported_rating,favorite,status) VALUES ('woolly-hollow-sp-a-11','Woolly Hollow SP','Arkansas','A','11',35.28826050609038,-92.28315081130407,'Lake Side - FULL HOOK UPS','["Lake"]',0,NULL,0,'saved');
INSERT OR REPLACE INTO sites (id,park,state,loop,site_number,latitude,longitude,notes,view_types_json,legacy_stay_count,imported_rating,favorite,status) VALUES ('devils-fork-b-10','Devils Fork','Arkansas','B','10',35.58932689482909,-92.18228412071976,'','["Wooded", "Lake/Partial"]',0,NULL,0,'saved');
INSERT OR REPLACE INTO sites (id,park,state,loop,site_number,latitude,longitude,notes,view_types_json,legacy_stay_count,imported_rating,favorite,status) VALUES ('sea-rim-sp-site-1','Sea Rim SP','Texas','Site','1',29.675557118958345,-94.04432737364043,'Lots of Bugs, no view of ocean','["Park/Open Area"]',1,1.451612903,0,'visited');
INSERT OR REPLACE INTO site_facts (site_id,criterion_key,rating) VALUES ('sea-rim-sp-site-1','levelness',3.0);
INSERT OR REPLACE INTO site_facts (site_id,criterion_key,rating) VALUES ('sea-rim-sp-site-1','seatingArea',1.0);
INSERT OR REPLACE INTO site_facts (site_id,criterion_key,rating) VALUES ('sea-rim-sp-site-1','cellReception',2.0);
INSERT OR REPLACE INTO site_facts (site_id,criterion_key,rating) VALUES ('sea-rim-sp-site-1','view',2.0);
INSERT OR REPLACE INTO site_facts (site_id,criterion_key,rating) VALUES ('sea-rim-sp-site-1','privacy',1.0);
INSERT OR REPLACE INTO site_facts (site_id,criterion_key,rating) VALUES ('sea-rim-sp-site-1','windBreak',1.0);
INSERT OR REPLACE INTO site_facts (site_id,criterion_key,rating) VALUES ('sea-rim-sp-site-1','treeCover',0.0);
INSERT OR REPLACE INTO site_facts (site_id,criterion_key,rating) VALUES ('sea-rim-sp-site-1','pets',0.0);
INSERT OR REPLACE INTO site_seasonal_ratings (site_id,month_key,rating) VALUES ('sea-rim-sp-site-1','aug',2.0);
INSERT OR REPLACE INTO sites (id,park,state,loop,site_number,latitude,longitude,notes,view_types_json,legacy_stay_count,imported_rating,favorite,status) VALUES ('maumelle-park-b-24','Maumelle Park','Arkansas','B','24',34.8283532711844,-92.42738056246354,'Not much of a river view','["River/Partial"]',1,2.622047244,0,'visited');
INSERT OR REPLACE INTO site_facts (site_id,criterion_key,rating) VALUES ('maumelle-park-b-24','levelness',4.0);
INSERT OR REPLACE INTO site_facts (site_id,criterion_key,rating) VALUES ('maumelle-park-b-24','seatingArea',3.0);
INSERT OR REPLACE INTO site_facts (site_id,criterion_key,rating) VALUES ('maumelle-park-b-24','cellReception',4.0);
INSERT OR REPLACE INTO site_facts (site_id,criterion_key,rating) VALUES ('maumelle-park-b-24','view',1.0);
INSERT OR REPLACE INTO site_facts (site_id,criterion_key,rating) VALUES ('maumelle-park-b-24','privacy',2.0);
INSERT OR REPLACE INTO site_facts (site_id,criterion_key,rating) VALUES ('maumelle-park-b-24','windBreak',3.0);
INSERT OR REPLACE INTO site_facts (site_id,criterion_key,rating) VALUES ('maumelle-park-b-24','treeCover',1.0);
INSERT OR REPLACE INTO site_facts (site_id,criterion_key,rating) VALUES ('maumelle-park-b-24','pets',2.0);
INSERT OR REPLACE INTO site_facts (site_id,criterion_key,rating) VALUES ('maumelle-park-b-24','rainWater',3.0);
INSERT OR REPLACE INTO site_seasonal_ratings (site_id,month_key,rating) VALUES ('maumelle-park-b-24','feb',3.0);
INSERT OR REPLACE INTO sites (id,park,state,loop,site_number,latitude,longitude,notes,view_types_json,legacy_stay_count,imported_rating,favorite,status) VALUES ('maumelle-park-b-3','Maumelle Park','Arkansas','B','3',34.82963129921973,-92.42942050258546,'Parking surface not very level, right next to on-ground electric transformer.','["Campers", "Park/Open Area"]',1,2.779527559,0,'visited');
INSERT OR REPLACE INTO site_facts (site_id,criterion_key,rating) VALUES ('maumelle-park-b-3','levelness',3.0);
INSERT OR REPLACE INTO site_facts (site_id,criterion_key,rating) VALUES ('maumelle-park-b-3','seatingArea',4.0);
INSERT OR REPLACE INTO site_facts (site_id,criterion_key,rating) VALUES ('maumelle-park-b-3','cellReception',4.0);
INSERT OR REPLACE INTO site_facts (site_id,criterion_key,rating) VALUES ('maumelle-park-b-3','view',3.0);
INSERT OR REPLACE INTO site_facts (site_id,criterion_key,rating) VALUES ('maumelle-park-b-3','privacy',2.0);
INSERT OR REPLACE INTO site_facts (site_id,criterion_key,rating) VALUES ('maumelle-park-b-3','windBreak',1.0);
INSERT OR REPLACE INTO site_facts (site_id,criterion_key,rating) VALUES ('maumelle-park-b-3','treeCover',3.0);
INSERT OR REPLACE INTO site_facts (site_id,criterion_key,rating) VALUES ('maumelle-park-b-3','pets',4.0);
INSERT OR REPLACE INTO site_seasonal_ratings (site_id,month_key,rating) VALUES ('maumelle-park-b-3','feb',3.0);
INSERT OR REPLACE INTO sites (id,park,state,loop,site_number,latitude,longitude,notes,view_types_json,legacy_stay_count,imported_rating,favorite,status) VALUES ('lake-ouachita-crystal-springs-c-55','Lake Ouachita','Arkansas','Crystal Springs C','55',34.54323551270247,-93.35648933882172,'','["Lake"]',1,3.0,0,'visited');
INSERT OR REPLACE INTO site_seasonal_ratings (site_id,month_key,rating) VALUES ('lake-ouachita-crystal-springs-c-55','aug',4.0);
INSERT OR REPLACE INTO sites (id,park,state,loop,site_number,latitude,longitude,notes,view_types_json,legacy_stay_count,imported_rating,favorite,status) VALUES ('maumelle-park-e-28','Maumelle Park','Arkansas','E','28',34.82907804677173,-92.43025262557161,'Restrooms close by, but people walk between spot to get to it.','["Wooded"]',1,3.03125,0,'visited');
INSERT OR REPLACE INTO site_facts (site_id,criterion_key,rating) VALUES ('maumelle-park-e-28','levelness',3.0);
INSERT OR REPLACE INTO site_facts (site_id,criterion_key,rating) VALUES ('maumelle-park-e-28','seatingArea',4.0);
INSERT OR REPLACE INTO site_facts (site_id,criterion_key,rating) VALUES ('maumelle-park-e-28','cellReception',5.0);
INSERT OR REPLACE INTO site_facts (site_id,criterion_key,rating) VALUES ('maumelle-park-e-28','view',2.0);
INSERT OR REPLACE INTO site_facts (site_id,criterion_key,rating) VALUES ('maumelle-park-e-28','privacy',2.0);
INSERT OR REPLACE INTO site_facts (site_id,criterion_key,rating) VALUES ('maumelle-park-e-28','windBreak',2.0);
INSERT OR REPLACE INTO site_facts (site_id,criterion_key,rating) VALUES ('maumelle-park-e-28','treeCover',5.0);
INSERT OR REPLACE INTO site_facts (site_id,criterion_key,rating) VALUES ('maumelle-park-e-28','pets',2.0);
INSERT OR REPLACE INTO site_seasonal_ratings (site_id,month_key,rating) VALUES ('maumelle-park-e-28','nov',3.0);
INSERT OR REPLACE INTO sites (id,park,state,loop,site_number,latitude,longitude,notes,view_types_json,legacy_stay_count,imported_rating,favorite,status) VALUES ('fort-gibson-lake-blue-bill-point-17','Fort Gibson Lake','Oklahoma','Blue Bill Point','17',36.04175153604442,-95.33549864826507,'Not too great in the winter/late fall','["Lake/Partial"]',2,3.131578947,0,'visited');
INSERT OR REPLACE INTO site_facts (site_id,criterion_key,rating) VALUES ('fort-gibson-lake-blue-bill-point-17','levelness',3.0);
INSERT OR REPLACE INTO site_facts (site_id,criterion_key,rating) VALUES ('fort-gibson-lake-blue-bill-point-17','seatingArea',4.0);
INSERT OR REPLACE INTO site_facts (site_id,criterion_key,rating) VALUES ('fort-gibson-lake-blue-bill-point-17','cellReception',3.0);
INSERT OR REPLACE INTO site_facts (site_id,criterion_key,rating) VALUES ('fort-gibson-lake-blue-bill-point-17','view',4.0);
INSERT OR REPLACE INTO site_facts (site_id,criterion_key,rating) VALUES ('fort-gibson-lake-blue-bill-point-17','privacy',2.0);
INSERT OR REPLACE INTO site_facts (site_id,criterion_key,rating) VALUES ('fort-gibson-lake-blue-bill-point-17','windBreak',0.0);
INSERT OR REPLACE INTO site_facts (site_id,criterion_key,rating) VALUES ('fort-gibson-lake-blue-bill-point-17','treeCover',3.0);
INSERT OR REPLACE INTO site_facts (site_id,criterion_key,rating) VALUES ('fort-gibson-lake-blue-bill-point-17','pets',3.0);
INSERT OR REPLACE INTO site_seasonal_ratings (site_id,month_key,rating) VALUES ('fort-gibson-lake-blue-bill-point-17','may',5.0);
INSERT OR REPLACE INTO site_seasonal_ratings (site_id,month_key,rating) VALUES ('fort-gibson-lake-blue-bill-point-17','jun',5.0);
INSERT OR REPLACE INTO site_seasonal_ratings (site_id,month_key,rating) VALUES ('fort-gibson-lake-blue-bill-point-17','nov',3.0);
INSERT OR REPLACE INTO sites (id,park,state,loop,site_number,latitude,longitude,notes,view_types_json,legacy_stay_count,imported_rating,favorite,status) VALUES ('maumelle-park-e-9','Maumelle Park','Arkansas','E','9',34.8282961,-92.4311272,'Root damage to pavement.','["Wooded"]',1,3.15625,0,'visited');
INSERT OR REPLACE INTO site_facts (site_id,criterion_key,rating) VALUES ('maumelle-park-e-9','levelness',3.0);
INSERT OR REPLACE INTO site_facts (site_id,criterion_key,rating) VALUES ('maumelle-park-e-9','seatingArea',4.0);
INSERT OR REPLACE INTO site_facts (site_id,criterion_key,rating) VALUES ('maumelle-park-e-9','cellReception',4.0);
INSERT OR REPLACE INTO site_facts (site_id,criterion_key,rating) VALUES ('maumelle-park-e-9','view',2.0);
INSERT OR REPLACE INTO site_facts (site_id,criterion_key,rating) VALUES ('maumelle-park-e-9','privacy',2.0);
INSERT OR REPLACE INTO site_facts (site_id,criterion_key,rating) VALUES ('maumelle-park-e-9','windBreak',3.0);
INSERT OR REPLACE INTO site_facts (site_id,criterion_key,rating) VALUES ('maumelle-park-e-9','treeCover',5.0);
INSERT OR REPLACE INTO site_facts (site_id,criterion_key,rating) VALUES ('maumelle-park-e-9','pets',4.0);
INSERT OR REPLACE INTO site_seasonal_ratings (site_id,month_key,rating) VALUES ('maumelle-park-e-9','nov',3.0);
INSERT OR REPLACE INTO sites (id,park,state,loop,site_number,latitude,longitude,notes,view_types_json,legacy_stay_count,imported_rating,favorite,status) VALUES ('natchez-trace-sp-club-lake-13','Natchez Trace SP','Tennessee','Club Lake','13',35.77815228155556,-88.25314710314731,'Back in spot with gravel.','["Wooded"]',1,3.470588235,0,'visited');
INSERT OR REPLACE INTO site_facts (site_id,criterion_key,rating) VALUES ('natchez-trace-sp-club-lake-13','levelness',4.0);
INSERT OR REPLACE INTO site_facts (site_id,criterion_key,rating) VALUES ('natchez-trace-sp-club-lake-13','seatingArea',4.0);
INSERT OR REPLACE INTO site_facts (site_id,criterion_key,rating) VALUES ('natchez-trace-sp-club-lake-13','cellReception',4.0);
INSERT OR REPLACE INTO site_facts (site_id,criterion_key,rating) VALUES ('natchez-trace-sp-club-lake-13','view',2.0);
INSERT OR REPLACE INTO site_facts (site_id,criterion_key,rating) VALUES ('natchez-trace-sp-club-lake-13','privacy',3.0);
INSERT OR REPLACE INTO site_facts (site_id,criterion_key,rating) VALUES ('natchez-trace-sp-club-lake-13','windBreak',4.0);
INSERT OR REPLACE INTO site_facts (site_id,criterion_key,rating) VALUES ('natchez-trace-sp-club-lake-13','treeCover',4.0);
INSERT OR REPLACE INTO site_facts (site_id,criterion_key,rating) VALUES ('natchez-trace-sp-club-lake-13','pets',3.0);
INSERT OR REPLACE INTO site_seasonal_ratings (site_id,month_key,rating) VALUES ('natchez-trace-sp-club-lake-13','sep',4.0);
INSERT OR REPLACE INTO sites (id,park,state,loop,site_number,latitude,longitude,notes,view_types_json,legacy_stay_count,imported_rating,favorite,status) VALUES ('petit-jean-mtn-sp-c-91','Petit Jean MTN SP','Arkansas','C','91',35.12600149562135,-92.91484881029481,'-','["Wooded"]',1,3.483870968,0,'visited');
INSERT OR REPLACE INTO site_facts (site_id,criterion_key,rating) VALUES ('petit-jean-mtn-sp-c-91','levelness',3.0);
INSERT OR REPLACE INTO site_facts (site_id,criterion_key,rating) VALUES ('petit-jean-mtn-sp-c-91','seatingArea',3.0);
INSERT OR REPLACE INTO site_facts (site_id,criterion_key,rating) VALUES ('petit-jean-mtn-sp-c-91','cellReception',3.0);
INSERT OR REPLACE INTO site_facts (site_id,criterion_key,rating) VALUES ('petit-jean-mtn-sp-c-91','view',3.0);
INSERT OR REPLACE INTO site_facts (site_id,criterion_key,rating) VALUES ('petit-jean-mtn-sp-c-91','privacy',4.0);
INSERT OR REPLACE INTO site_facts (site_id,criterion_key,rating) VALUES ('petit-jean-mtn-sp-c-91','windBreak',5.0);
INSERT OR REPLACE INTO site_facts (site_id,criterion_key,rating) VALUES ('petit-jean-mtn-sp-c-91','treeCover',5.0);
INSERT OR REPLACE INTO site_facts (site_id,criterion_key,rating) VALUES ('petit-jean-mtn-sp-c-91','pets',4.0);
INSERT OR REPLACE INTO site_seasonal_ratings (site_id,month_key,rating) VALUES ('petit-jean-mtn-sp-c-91','jul',3.0);
INSERT OR REPLACE INTO sites (id,park,state,loop,site_number,latitude,longitude,notes,view_types_json,legacy_stay_count,imported_rating,favorite,status) VALUES ('maumelle-park-b-14','Maumelle Park','Arkansas','B','14',34.82794823545374,-92.4288895882177,'Great for dogs','["Wooded"]',1,3.823529412,0,'visited');
INSERT OR REPLACE INTO site_facts (site_id,criterion_key,rating) VALUES ('maumelle-park-b-14','levelness',4.0);
INSERT OR REPLACE INTO site_facts (site_id,criterion_key,rating) VALUES ('maumelle-park-b-14','seatingArea',4.0);
INSERT OR REPLACE INTO site_facts (site_id,criterion_key,rating) VALUES ('maumelle-park-b-14','cellReception',3.0);
INSERT OR REPLACE INTO site_facts (site_id,criterion_key,rating) VALUES ('maumelle-park-b-14','view',4.0);
INSERT OR REPLACE INTO site_facts (site_id,criterion_key,rating) VALUES ('maumelle-park-b-14','privacy',4.0);
INSERT OR REPLACE INTO site_facts (site_id,criterion_key,rating) VALUES ('maumelle-park-b-14','windBreak',3.0);
INSERT OR REPLACE INTO site_facts (site_id,criterion_key,rating) VALUES ('maumelle-park-b-14','treeCover',4.0);
INSERT OR REPLACE INTO site_facts (site_id,criterion_key,rating) VALUES ('maumelle-park-b-14','pets',4.0);
INSERT OR REPLACE INTO site_seasonal_ratings (site_id,month_key,rating) VALUES ('maumelle-park-b-14','sep',5.0);
INSERT OR REPLACE INTO sites (id,park,state,loop,site_number,latitude,longitude,notes,view_types_json,legacy_stay_count,imported_rating,favorite,status) VALUES ('blue-mountain-outlet-13','Blue Mountain','Arkansas','Outlet','13',35.09819852237845,-93.64951995441031,'Secluded, 99% Tree Cover, Creek, Table set in a wooded area. Shelbie can roam without much attention.','["Wooded", "Creek"]',1,3.838709677,0,'visited');
INSERT OR REPLACE INTO site_facts (site_id,criterion_key,rating) VALUES ('blue-mountain-outlet-13','levelness',5.0);
INSERT OR REPLACE INTO site_facts (site_id,criterion_key,rating) VALUES ('blue-mountain-outlet-13','seatingArea',4.0);
INSERT OR REPLACE INTO site_facts (site_id,criterion_key,rating) VALUES ('blue-mountain-outlet-13','cellReception',0.0);
INSERT OR REPLACE INTO site_facts (site_id,criterion_key,rating) VALUES ('blue-mountain-outlet-13','view',4.0);
INSERT OR REPLACE INTO site_facts (site_id,criterion_key,rating) VALUES ('blue-mountain-outlet-13','privacy',5.0);
INSERT OR REPLACE INTO site_facts (site_id,criterion_key,rating) VALUES ('blue-mountain-outlet-13','windBreak',5.0);
INSERT OR REPLACE INTO site_facts (site_id,criterion_key,rating) VALUES ('blue-mountain-outlet-13','treeCover',5.0);
INSERT OR REPLACE INTO site_facts (site_id,criterion_key,rating) VALUES ('blue-mountain-outlet-13','pets',5.0);
INSERT OR REPLACE INTO site_seasonal_ratings (site_id,month_key,rating) VALUES ('blue-mountain-outlet-13','aug',5.0);
INSERT OR REPLACE INTO sites (id,park,state,loop,site_number,latitude,longitude,notes,view_types_json,legacy_stay_count,imported_rating,favorite,status) VALUES ('maumelle-park-b-30','Maumelle Park','Arkansas','B','30',34.82921992655106,-92.42847336317124,'Great for the dogs','["River"]',1,3.941176471,0,'visited');
INSERT OR REPLACE INTO site_facts (site_id,criterion_key,rating) VALUES ('maumelle-park-b-30','levelness',5.0);
INSERT OR REPLACE INTO site_facts (site_id,criterion_key,rating) VALUES ('maumelle-park-b-30','seatingArea',4.0);
INSERT OR REPLACE INTO site_facts (site_id,criterion_key,rating) VALUES ('maumelle-park-b-30','cellReception',4.0);
INSERT OR REPLACE INTO site_facts (site_id,criterion_key,rating) VALUES ('maumelle-park-b-30','view',5.0);
INSERT OR REPLACE INTO site_facts (site_id,criterion_key,rating) VALUES ('maumelle-park-b-30','privacy',3.0);
INSERT OR REPLACE INTO site_facts (site_id,criterion_key,rating) VALUES ('maumelle-park-b-30','windBreak',2.0);
INSERT OR REPLACE INTO site_facts (site_id,criterion_key,rating) VALUES ('maumelle-park-b-30','treeCover',3.0);
INSERT OR REPLACE INTO site_facts (site_id,criterion_key,rating) VALUES ('maumelle-park-b-30','pets',4.0);
INSERT OR REPLACE INTO site_seasonal_ratings (site_id,month_key,rating) VALUES ('maumelle-park-b-30','oct',5.0);
INSERT OR REPLACE INTO sites (id,park,state,loop,site_number,latitude,longitude,notes,view_types_json,legacy_stay_count,imported_rating,favorite,status) VALUES ('maumelle-park-e-10','Maumelle Park','Arkansas','E','10',34.82821594116487,-92.43106102997947,'Back in the woods by the light pole','["Wooded"]',3,4.219512195,0,'visited');
INSERT OR REPLACE INTO site_facts (site_id,criterion_key,rating) VALUES ('maumelle-park-e-10','levelness',4.0);
INSERT OR REPLACE INTO site_facts (site_id,criterion_key,rating) VALUES ('maumelle-park-e-10','seatingArea',4.0);
INSERT OR REPLACE INTO site_facts (site_id,criterion_key,rating) VALUES ('maumelle-park-e-10','cellReception',5.0);
INSERT OR REPLACE INTO site_facts (site_id,criterion_key,rating) VALUES ('maumelle-park-e-10','view',2.0);
INSERT OR REPLACE INTO site_facts (site_id,criterion_key,rating) VALUES ('maumelle-park-e-10','privacy',3.0);
INSERT OR REPLACE INTO site_facts (site_id,criterion_key,rating) VALUES ('maumelle-park-e-10','windBreak',5.0);
INSERT OR REPLACE INTO site_facts (site_id,criterion_key,rating) VALUES ('maumelle-park-e-10','treeCover',5.0);
INSERT OR REPLACE INTO site_facts (site_id,criterion_key,rating) VALUES ('maumelle-park-e-10','pets',4.0);
INSERT OR REPLACE INTO site_facts (site_id,criterion_key,rating) VALUES ('maumelle-park-e-10','rainWater',5.0);
INSERT OR REPLACE INTO site_seasonal_ratings (site_id,month_key,rating) VALUES ('maumelle-park-e-10','apr',5.0);
INSERT OR REPLACE INTO site_seasonal_ratings (site_id,month_key,rating) VALUES ('maumelle-park-e-10','oct',5.0);
INSERT OR REPLACE INTO sites (id,park,state,loop,site_number,latitude,longitude,notes,view_types_json,legacy_stay_count,imported_rating,favorite,status) VALUES ('maumelle-park-b-15','Maumelle Park','Arkansas','B','15',34.82781923491309,-92.42882907054813,'Right up aginst the fence','["Wooded"]',1,4.621621622,0,'visited');
INSERT OR REPLACE INTO site_facts (site_id,criterion_key,rating) VALUES ('maumelle-park-b-15','levelness',5.0);
INSERT OR REPLACE INTO site_facts (site_id,criterion_key,rating) VALUES ('maumelle-park-b-15','seatingArea',5.0);
INSERT OR REPLACE INTO site_facts (site_id,criterion_key,rating) VALUES ('maumelle-park-b-15','cellReception',3.0);
INSERT OR REPLACE INTO site_facts (site_id,criterion_key,rating) VALUES ('maumelle-park-b-15','view',5.0);
INSERT OR REPLACE INTO site_facts (site_id,criterion_key,rating) VALUES ('maumelle-park-b-15','privacy',5.0);
INSERT OR REPLACE INTO site_facts (site_id,criterion_key,rating) VALUES ('maumelle-park-b-15','windBreak',5.0);
INSERT OR REPLACE INTO site_facts (site_id,criterion_key,rating) VALUES ('maumelle-park-b-15','treeCover',5.0);
INSERT OR REPLACE INTO site_facts (site_id,criterion_key,rating) VALUES ('maumelle-park-b-15','pets',5.0);
INSERT OR REPLACE INTO site_seasonal_ratings (site_id,month_key,rating) VALUES ('maumelle-park-b-15','oct',5.0);
INSERT OR REPLACE INTO site_seasonal_ratings (site_id,month_key,rating) VALUES ('maumelle-park-b-15','nov',5.0);
INSERT OR REPLACE INTO preference_profiles (id,name,site_quality_share,seasonal_share) VALUES ('aaron-dillan-current','Aaron & Dillan — Current',75,25);
INSERT OR REPLACE INTO profile_criterion_weights (profile_id,criterion_key,weight) VALUES ('aaron-dillan-current','levelness',4.0);
INSERT OR REPLACE INTO profile_criterion_weights (profile_id,criterion_key,weight) VALUES ('aaron-dillan-current','seatingArea',3.0);
INSERT OR REPLACE INTO profile_criterion_weights (profile_id,criterion_key,weight) VALUES ('aaron-dillan-current','cellReception',5.0);
INSERT OR REPLACE INTO profile_criterion_weights (profile_id,criterion_key,weight) VALUES ('aaron-dillan-current','view',4.0);
INSERT OR REPLACE INTO profile_criterion_weights (profile_id,criterion_key,weight) VALUES ('aaron-dillan-current','privacy',4.0);
INSERT OR REPLACE INTO profile_criterion_weights (profile_id,criterion_key,weight) VALUES ('aaron-dillan-current','windBreak',3.0);
INSERT OR REPLACE INTO profile_criterion_weights (profile_id,criterion_key,weight) VALUES ('aaron-dillan-current','treeCover',2.0);
INSERT OR REPLACE INTO profile_criterion_weights (profile_id,criterion_key,weight) VALUES ('aaron-dillan-current','pets',3.0);
INSERT OR REPLACE INTO profile_criterion_weights (profile_id,criterion_key,weight) VALUES ('aaron-dillan-current','rainWater',2.0);
INSERT OR REPLACE INTO profile_month_weights (profile_id,month_key,weight) VALUES ('aaron-dillan-current','jan',0.05);
INSERT OR REPLACE INTO profile_month_weights (profile_id,month_key,weight) VALUES ('aaron-dillan-current','feb',0.75);
INSERT OR REPLACE INTO profile_month_weights (profile_id,month_key,weight) VALUES ('aaron-dillan-current','mar',2.0);
INSERT OR REPLACE INTO profile_month_weights (profile_id,month_key,weight) VALUES ('aaron-dillan-current','apr',5.0);
INSERT OR REPLACE INTO profile_month_weights (profile_id,month_key,weight) VALUES ('aaron-dillan-current','may',3.0);
INSERT OR REPLACE INTO profile_month_weights (profile_id,month_key,weight) VALUES ('aaron-dillan-current','jun',3.0);
INSERT OR REPLACE INTO profile_month_weights (profile_id,month_key,weight) VALUES ('aaron-dillan-current','jul',2.0);
INSERT OR REPLACE INTO profile_month_weights (profile_id,month_key,weight) VALUES ('aaron-dillan-current','aug',2.0);
INSERT OR REPLACE INTO profile_month_weights (profile_id,month_key,weight) VALUES ('aaron-dillan-current','sep',5.0);
INSERT OR REPLACE INTO profile_month_weights (profile_id,month_key,weight) VALUES ('aaron-dillan-current','oct',5.0);
INSERT OR REPLACE INTO profile_month_weights (profile_id,month_key,weight) VALUES ('aaron-dillan-current','nov',3.0);
INSERT OR REPLACE INTO profile_month_weights (profile_id,month_key,weight) VALUES ('aaron-dillan-current','dec',0.5);
COMMIT;
